,Botu10,Botu161,Botu652,Botu8,Botu173,Botu3,Botu1,Botu12,Botu272,Botu6,Fotu11,Fotu32,Fotu20,Fotu1,Fotu23,Fotu37,Fotu15,Fotu33,Votu2,Votu4,Votu80,Votu6,Votu95,Votu8,Votu30,Votu3,Votu63,Votu1
SOD,0.867982763343696,-0.817016364551554,-0.948848480228222,-0.898355007951861,0.830587368428545,0.94179114820854,-0.625625969063462,0.952653027205176,-0.680775527109816,-0.888557773795382,0.656683723287449,0.438064560236301,-0.336411452588874,-0.841022904725567,-0.980715033148945,0.820990279462512,-0.757124178116779,0.74291091993055,-0.762541721692205,0.618139411691628,0.322272265563657,-0.954754690431068,0.757420744861506,0.907917981066841,0.891783321161746,-0.915648103758732,-0.35817964538647,-0.873299721275277
CAT,0.873768425094635,-0.898629474200903,-0.982466501534419,-0.938343662268224,0.847867016778507,0.960124378722181,-0.572220835470891,0.918878359704441,-0.693762959755547,-0.855372219510343,0.746438367765969,0.453607039266351,-0.36716183887812,-0.836452375411615,-0.996733465630683,0.895265399945467,-0.683683614514292,0.833826699361861,-0.809040874587537,0.722183966927504,0.324702759671691,-0.958075387519115,0.664782343925864,0.931297082274866,0.858233742293134,-0.913888003090208,-0.397597071785859,-0.892738142146781
MDA,-0.841136394965636,0.83987474431662,0.954555278036263,0.843533275175282,-0.796825628479955,-0.928033401829329,0.595523434204942,-0.874305949705142,0.571491010876154,0.790925046780345,-0.688246586220175,-0.31628492023328,0.481178272954656,0.763015339206952,0.966883424992538,-0.850846368316998,0.683422034284884,-0.780172778563457,0.831138731668322,-0.791046245295281,-0.145778377530114,0.994392347977877,-0.691980841447143,-0.897676378741664,-0.786131656076771,0.948313024988216,0.516406207543803,0.962406574149065
MPO,0.897652697548163,-0.873539116911202,-0.983854092610974,-0.905873714523031,0.863046063013493,0.970351115665439,-0.604887512499635,0.920376468658207,-0.628023833572974,-0.858444865984397,0.754218723351166,0.448779573488668,-0.447391442203498,-0.782861712442367,-0.984592036249771,0.905596608187178,-0.683739438784409,0.838135649249597,-0.78913475981353,0.776770170369179,0.292413867436387,-0.976876043234397,0.640117753282483,0.946213896758463,0.808549742048368,-0.938071950267191,-0.478899007950995,-0.936330203704783
GSH,0.902585850811547,-0.685899905860618,-0.901030924390672,-0.799687107693971,0.843348009510392,0.929877526382813,-0.707976303637645,0.971275753062569,-0.554176532186658,-0.923255716591236,0.596986564009653,0.466018174300329,-0.422304891596986,-0.725857612738416,-0.91424907492133,0.772214742074857,-0.797866804268623,0.674324159860886,-0.630187027969625,0.598672493943197,0.324311556234743,-0.940291782339598,0.734643423533779,0.903857813099041,0.80817741776338,-0.923536256674645,-0.435990973822689,-0.88992708669652
GSSG,-0.811265632315428,0.789387361840775,0.908452516681647,0.845587794452856,-0.816110192722644,-0.900290033583245,0.699542834001256,-0.869117000951004,0.494315102663153,0.783931082580401,-0.743673403045306,-0.324290813961334,0.55397851084724,0.70924295142273,0.968182284715285,-0.797228027599477,0.555484996017447,-0.700392858865726,0.889872595214838,-0.693803855218577,-0.132332813419183,0.970073375218419,-0.746280517060877,-0.888888928303306,-0.744099067593903,0.864633667494861,0.580309877615018,0.915375110740439
GSH-Px,0.712700958678104,-0.895270920454828,-0.908196165647262,-0.872294293322175,0.712165664431072,0.847461022786721,-0.486758388194061,0.767325196278345,-0.623593635274766,-0.66861672788257,0.710718562017131,0.237643193907335,-0.383903776898123,-0.800771891145875,-0.956966850502184,0.810333877724059,-0.530409077099354,0.75867878548832,-0.938841343619766,0.725180511194996,0.0976022682187985,-0.922803745835396,0.679708449928739,0.817064936678783,0.788677724066517,-0.833521356455343,-0.423394464161462,-0.855160781843385
ROS,-0.898888307574164,0.689134061297423,0.862837755671734,0.867572636402063,-0.945937882096442,-0.923038121485663,0.842362287750019,-0.941822848071184,0.430636013380699,0.912737548569435,-0.849413521003829,-0.603923742365998,0.593779907280609,0.59356066400928,0.921756429185945,-0.798936947923222,0.465215072419342,-0.675312960245631,0.723986129882784,-0.549400167863183,-0.408990041602842,0.872853703414085,-0.645468399814996,-0.945713560875605,-0.665957498169966,0.754257110058032,0.598510695989118,0.808435824919073
NO,-0.700606689850369,0.768619500359757,0.865362711027071,0.706830136359881,-0.642375633966319,-0.811168442896172,0.514209957694542,-0.736528040811452,0.463409365126986,0.622680276021736,-0.560594008476596,-0.0828565089793725,0.502738564225967,0.695290322433566,0.887240822031239,-0.738204632499218,0.63271821862529,-0.674909713209829,0.863012107374458,-0.80538438969406,0.100129725679572,0.966780728856106,-0.705289445549137,-0.771443890337463,-0.702015741096949,0.915193482739715,0.545602294977376,0.955596168269943
Muc1,-0.893376590503242,0.844508018471063,0.970762287533604,0.903925598205621,-0.865289774130131,-0.96494167378021,0.646811626563088,-0.939779025313543,0.622463228977848,0.875941707731776,-0.73684992387252,-0.446906006698177,0.443637452115478,0.78909436111223,0.990070192634229,-0.873103132211058,0.691779338086065,-0.794279460669692,0.795509841270816,-0.717717156257731,-0.293410286436379,0.977818714042471,-0.696991199146525,-0.941697875683542,-0.827593719964312,0.927434469660298,0.470322451147419,0.922614013981189
Muc2,0.882158231997437,-0.861400395328336,-0.972257635141919,-0.919353776675324,0.857934683014114,0.960868622321157,-0.626342307356794,0.934945191006511,-0.651520954550485,-0.870104976686286,0.738130683303257,0.447178182896992,-0.410713036915197,-0.811788254159457,-0.995606984579255,0.87363487241624,-0.687116390362438,0.799098530152249,-0.807424663144135,0.703517529042716,0.304646788152893,-0.969972344207062,0.700115704443864,0.935630405180122,0.846030087878926,-0.917526775663178,-0.437806128931762,-0.905819015293606
Muc3,0.88408255158261,-0.860722622187554,-0.973659501248187,-0.917517086187114,0.855668595072849,0.96183488462318,-0.620997850923421,0.937403492682193,-0.657728156668022,-0.872941448869692,0.729001925706545,0.447101387743004,-0.401868803968812,-0.816583792170371,-0.994428415251368,0.873484840667995,-0.700827528478522,0.800107175648489,-0.799538738999505,0.703699893913922,0.307517171244044,-0.970731397608606,0.700709117131478,0.934893840798899,0.851601790415622,-0.923158119576327,-0.429060811174606,-0.907016341102955
Klf4,0.883361631158482,-0.860257918217136,-0.972542007574173,-0.91807846100829,0.858041296807019,0.961424496751718,-0.626654023338804,0.935848287573943,-0.65095691181446,-0.871142596302072,0.736283495725343,0.447190497263881,-0.411103908637954,-0.811367974305189,-0.995112241383443,0.873658930522733,-0.690250449874735,0.799070963574635,-0.805146608831297,0.704544793236417,0.304528737703024,-0.970731628518601,0.700104110968548,0.935969728375704,0.846045238298727,-0.919395811186883,-0.438193266259515,-0.907239300262727
Meprin-b,0.890703208281125,-0.851019299564771,-0.97286530731437,-0.908778530648339,0.860346525292559,0.964346823420491,-0.633584051216104,0.940238739181366,-0.640282283197262,-0.876323119222746,0.729124566917206,0.44703786188753,-0.422012518416641,-0.803024068237039,-0.991468239607451,0.873360732639553,-0.702616751637114,0.797355194204608,-0.793324511536043,0.712175810454251,0.300744169307042,-0.975480073023425,0.6989664402688,0.938708742259367,0.840490304616805,-0.928720365827449,-0.448962204295499,-0.916978247601122
Retnlb,-0.884648591303206,0.861001176931704,0.975927298781346,0.913491138820255,-0.843926132598981,-0.961143263392822,0.596246054316833,-0.941364750140729,0.684199998848804,0.878010666061503,-0.697980742504932,-0.445704982785467,0.362896635451834,0.836258746451085,0.989486266637939,-0.870756737836557,0.741710717752123,-0.802534229956618,0.775360511747028,-0.698302337301555,-0.319121045923895,0.96827116522939,-0.701588506854994,-0.92822523741499,-0.872463799894121,0.935924355431556,0.390448941163933,0.903587216537919
JNF-kB p65,-0.882725493417141,0.85904874767328,0.971071067780182,0.918008422288659,-0.860632903477797,-0.960888701582145,0.63324101708874,-0.934105577956092,0.642617155198238,0.869181950819113,-0.743938978122524,-0.447177643989448,0.421981623352828,0.804864648324126,0.995457815937203,-0.873633819573231,0.678818914016464,-0.797625784408905,0.810656468720238,-0.705729885341498,-0.300892456949915,0.970751735703143,-0.699198242952749,-0.937104728764587,-0.839295748157729,0.915428566467053,0.44894165836416,0.907786265625476
JNLRP3,-0.884428464365418,0.855806674897472,0.970331449657142,0.915434483690317,-0.862869747522287,-0.961429623317211,0.639141275479623,-0.934329849139329,0.634695896757579,0.869491534357163,-0.746575396129598,-0.447151247429772,0.431543660085991,0.798698224401631,0.994706229435907,-0.873582249626559,0.675441877220144,-0.796326611392114,0.810717830324608,-0.708594227519141,-0.297681085522673,0.972132726977095,-0.698377175548704,-0.938593876257265,-0.833757649258159,0.91568908492071,0.45838893585322,0.910864143826123
J1L-1,-0.888598994868984,0.851536895722941,0.971138536135408,0.910770974062879,-0.86336458849293,-0.96328180460554,0.640701147814847,-0.937334822316495,0.631969292015726,0.872967852820663,-0.740477321549209,-0.4471493729685,0.433738794601935,0.79661150174918,0.992861505304325,-0.873578587563434,0.685713064644708,-0.796036344423838,0.802905153936718,-0.712292310339937,-0.296947990311047,0.974754985587033,-0.698195550375106,-0.939801914583823,-0.833207391018368,0.92198270496916,0.460558024309146,0.915899798848311
J1L-6,-0.882589179086552,0.861142624156695,0.972472691600923,0.918951936084807,-0.857731329608216,-0.96108583220535,0.625848064027737,-0.935379958535784,0.65208420685345,0.870602065501054,-0.736859179173436,-0.447180408106217,0.409861678315184,0.812231740269132,0.995413772377762,-0.873639219722193,0.689122363271973,-0.799213963986281,0.806208541378619,-0.703731277942766,-0.304932590082832,0.970203988714326,-0.700188603340533,-0.935630146901001,-0.846632723406656,0.918465174920947,0.436964979023265,0.906212506989203
JTNF-a,-0.894882855833784,0.837578334732208,0.967561055062053,0.898976108447327,-0.870366420107384,-0.964594111719551,0.661312456685593,-0.937935855110477,0.602213770634954,0.874106696611372,-0.746887456256557,-0.446492781910239,0.467793098934308,0.77307641936337,0.988344677789643,-0.872295830784698,0.676253345436396,-0.790336653699443,0.799550598095131,-0.722757956752269,-0.28495559664871,0.979281913301374,-0.694348571046859,-0.944292255836917,-0.812356402932058,0.923809934687825,0.494163439828475,0.927304567540056
HNF-kB p65,-0.891983899650154,0.846300313147016,0.970670084564468,0.905852206058323,-0.86520627333714,-0.96443386966264,0.646198261284152,-0.938858625863575,0.623789822212704,0.874836632650151,-0.73911619475662,-0.446989684863834,0.442652542154452,0.790170147021742,0.990941100499605,-0.873266611035324,0.688287594424222,-0.794567662179357,0.798480507936954,-0.716429931276709,-0.293820989174183,0.977010783462987,-0.697208571270263,-0.941391768479303,-0.828102911348068,0.925321191693606,0.469355144435291,0.920874583501407
HNLRP3,-0.88139472370228,0.865543434859593,0.975328039883911,0.919706795164143,-0.847634682010216,-0.960447133158536,0.602609888579518,-0.938224335653727,0.679458690008897,0.874059319275952,-0.713291865835002,-0.446487787961049,0.372678376371339,0.833061526640543,0.993453172306815,-0.87228607429762,0.720862206309337,-0.802749456819002,0.790288481310741,-0.697085273716128,-0.316635347618713,0.967397092850504,-0.702076932159,-0.929854261381525,-0.867539222349987,0.927170864809374,0.400171129494786,0.900734675580973
H1L-1b,-0.885089732133893,0.855427430575091,0.970653781072483,0.914872270619331,-0.862668379062889,-0.961778565879217,0.638599481723426,-0.934970715598527,0.635347974915153,0.870216936532654,-0.744908642578726,-0.447172540680362,0.430571069389821,0.799225494735758,0.994468254320889,-0.873623849433916,0.678163716636136,-0.796494240065914,0.809081567020849,-0.708971412886678,-0.298026096746176,0.97251771677594,-0.698491213370939,-0.938660775314489,-0.834516902896341,0.91702201558907,0.457429346919481,0.91150083712509
H1L-6,-0.885223676461442,0.856686379438962,0.971659431911648,0.91538623109103,-0.860901042517083,-0.962049966780133,0.633978001024846,-0.935969949868011,0.641360431167902,0.87132075957193,-0.740224737524026,-0.447211254241674,0.422930798200655,0.803930753962958,0.994456970642323,-0.873699482634485,0.685175727631994,-0.797565911267889,0.806025914282599,-0.70788262174764,-0.300609447933173,0.972340778310467,-0.699176169984224,-0.937837939917736,-0.839260301642758,0.919263773228698,0.449882029537557,0.910748039237085
HTNF-a,-0.888679187833384,0.844545665236335,0.966646157713675,0.906564216576925,-0.869853282079819,-0.962033657560037,0.659013061505343,-0.933581660045896,0.606784697824051,0.868997627700042,-0.756563827930325,-0.446646518302824,0.464380076787003,0.776681545600031,0.991554867780712,-0.872596179681087,0.660588572324475,-0.791075571821332,0.811950823904258,-0.717210304238426,-0.286244316739021,0.975516366730503,-0.694878362885071,-0.942709177160225,-0.813578213123197,0.914343567496409,0.490801687412609,0.919745132683552
JSI,-0.91096679675996,0.785600485434853,0.951450650272781,0.850190511715195,-0.878405050317027,-0.96241706409305,0.705263848986916,-0.937542241784288,0.52109153330976,0.876876880257332,-0.737074180532212,-0.440299940044918,0.545955480969463,0.705977802790764,0.962723199995438,-0.860197113047948,0.675449978493906,-0.768319025641376,0.762427096823832,-0.74885210577979,-0.252804385812198,0.986313989763743,-0.677832562046057,-0.947789170038529,-0.755076464698422,0.935227674208313,0.570960818698125,0.956986780663465
JSLC15A1,0.884034812156359,-0.858658942597779,-0.971984969708558,-0.917012516753843,0.859619626575329,0.961619065798411,-0.630643766552687,0.935650908933771,-0.64581656302575,-0.87093195425178,0.739085300828668,0.44720951248355,-0.417567276027484,-0.80738667125529,-0.994931461830769,0.873696079828412,-0.686442916130435,0.798263085215485,-0.806385016017057,0.7060905688991,0.302394428588609,-0.971408466044002,0.699609577372278,0.936924121282633,0.842288304561374,-0.918747880099159,-0.444581695928648,-0.908759568004677
JALPI,0.880485578819221,-0.86340382458956,-0.972196561934081,-0.92121977051102,0.856962301495568,0.960129647874408,-0.623913562618015,0.934040733319751,-0.654752914394135,-0.869067256009191,0.738610918201995,0.447133700639279,-0.40692905641972,-0.814259031393819,-0.996179568721925,0.873547969134666,-0.685718140762943,0.799507906954645,-0.809170222078318,0.701589040760384,0.305863396481375,-0.96876650899675,0.700350524410209,0.934729667376085,0.847919306094872,-0.915827910928011,-0.434063638620593,-0.903475477133071
JOCLN,0.890494666825525,-0.851080593866737,-0.972685115635492,-0.909020008006777,0.860743527154532,0.964253876182921,-0.634484141730484,0.939926433685952,-0.639263566911224,-0.875956507040758,0.730500939520399,0.447063858070443,-0.423476125013855,-0.802246861995751,-0.991655430921733,0.873411520385492,-0.700623870675036,0.797213614894202,-0.79447491175555,0.712231978922779,0.300282275665039,-0.975433771976592,0.69889003421027,0.938876016580234,0.839616582651749,-0.927957133117791,-0.450410390815847,-0.916901490585321
JCLDN2,0.88620910096737,-0.857590832575059,-0.973326625966674,-0.914867216847009,0.857653022554023,0.962685768867886,-0.626044949108421,0.938174937695446,-0.651061496940901,-0.873844733291373,0.730274454068604,0.447141877843445,-0.409913310611336,-0.811441709349415,-0.993680950843855,0.873563944624954,-0.699802224542196,0.799133745966337,-0.798496827076887,0.706658091041058,0.304877352403907,-0.972374158656717,0.700121201010046,0.936400655175541,0.847203651623667,-0.924462438916958,-0.4370132496713,-0.910379289785457
JZO1,0.884816363205317,-0.859330421110302,-0.973275758220626,-0.916577378298027,0.857097356034792,0.962115886527092,-0.624495514389558,0.937371402948802,-0.653320578306382,-0.872902944561601,0.731328739134618,0.447152579750707,-0.407480750286949,-0.813194576853102,-0.994312301870522,0.873584852530893,-0.697839731129367,0.79947185495663,-0.800496150335394,0.705156731480806,0.305698253704466,-0.97144232835282,0.700336618185743,0.935809671341172,0.848439956557552,-0.922808783402216,-0.434610168599784,-0.908495555359242
HSI,0.831519722970539,-0.812061042864973,-0.92797357597091,-0.838660987485096,0.729710272425455,0.897830406505908,-0.427456636445422,0.903411951499693,-0.784525570874308,-0.849578537857044,0.493525585886857,0.411062493247268,-0.132437885377041,-0.89084014423821,-0.903717248379654,0.803077034117968,-0.90855790352923,0.766572045052786,-0.603426377096349,0.625089247950096,0.361691820534076,-0.894730810694146,0.663508485697097,0.835473838793824,0.930366925825613,-0.943448194495845,-0.160236146845927,-0.827624575774379
HSLC15A1,-0.913420566741706,0.687369520031035,0.90565439391291,0.750884343102958,-0.857052298108404,-0.934561325077823,0.729730925286799,-0.917694477242135,0.411438111477791,0.864457965540116,-0.672687252447649,-0.418567030985468,0.612093734806316,0.606232883924528,0.894932862355868,-0.817738361794961,0.698606888871405,-0.718237914694544,0.662763011240279,-0.764548168995502,-0.209317176537312,0.970091760041201,-0.636803643901999,-0.922913238858022,-0.670240047195111,0.942254211850712,0.634766001772745,0.974961179347132
HALPI,0.777360739330927,-0.916125389068178,-0.934676724937775,-0.963698048571976,0.777772891491588,0.892836702373905,-0.484930004447546,0.863194149544166,-0.781060206678228,-0.795592244975042,0.714978281601342,0.427889529390696,-0.211185158120811,-0.898857557071496,-0.980720691041706,0.835951369531808,-0.622836999116872,0.788375408739053,-0.840024584775117,0.591136171774329,0.352071482724004,-0.880482306246485,0.684705251782405,0.858370942108872,0.907318010006568,-0.816758868675038,-0.239255789161174,-0.76902086461253
HOCLN,-0.75587838228234,0.75064996864614,0.855585929721466,0.760273136833293,-0.6248067970536,-0.81578350752328,0.300258295075815,-0.835615282217482,0.816332993729432,0.789564338760764,-0.350680597732606,-0.371018726276746,-0.0212965723738727,0.88832203019502,0.81197349303636,-0.7248450617491,0.960211148676895,-0.710289512674167,0.478355697493805,-0.546565825451953,-0.373371890941875,0.805404529128851,-0.610327860717695,-0.73848199984123,-0.926232555720989,0.898320435545965,0.00545615773936632,0.736683027008444
HCLDN2,-0.877159293279737,0.866476115914482,0.971453091786793,0.924453457199964,-0.856070356806721,-0.958509391252109,0.6218813441672,-0.931686921158812,0.657460979386403,0.866401355510137,-0.742182442796385,-0.447003633215818,0.404044028665251,0.816250954835093,0.99723275387113,-0.873293861395857,0.678979209539283,-0.799636672048029,0.814227907793684,-0.698483509207731,-0.306696053568706,0.966508656744261,-0.700371835819858,-0.933428882918822,-0.848773345480269,0.911239653080213,0.431203376257676,0.899371611627933
HZO1,0.701874108078644,-0.74748635115574,-0.821970878445736,-0.749253663504581,0.570119895823665,0.770610921282239,-0.222140431322193,0.793316891499322,-0.861231025113764,-0.748766420211563,0.302731047536566,0.353124837942393,0.123128360034597,-0.910897869631175,-0.779674825486311,0.689886458109858,-0.953453429209255,0.68946665363017,-0.451451962203922,0.490057842235396,0.389628938940201,-0.751909279837904,0.589258773233431,0.686586532580741,0.940689781419702,-0.853735157121912,0.0964517051716243,-0.669023970605291
